id;price;credit_period;penalty;penalty_terms;notes;image;agreement_period;term_and_conditions;free_field_1;free_field_2;free_field_3;free_field_4;last_modified;last_modified_by
1;86009;21465;45239;DAILY;Run Bacon Soap;Sleek SMTP;35237;Account;Synchronised Illinois mobile;Sleek Concrete override;Markets Turnpike Practical;Plastic PNG;Practical Intelligent Sports;gold
2;19202;72534;45872;DAILY;responsive orchestrate XSS;Points Mouse Handmade;15109;Shoes Bike deliver;International;Manager compressing web-readiness;Bedfordshire Designer Senior;Multi-lateral Account synthesize;Tugrik open-source SAS;Drive Customer-focused Birr
3;37558;31614;22319;MONTHLY;black Identity;Islands;27923;Officer GB Ridges;Pataca ubiquitous;Shoes;ADP;Tokelau;Senior;Music Ergonomic
4;81151;98439;5820;YEARLY;navigate Regional facilitate;Avon Borders;19689;initiative optimal;District Optimization;Outdoors;quantify Fish interfaces;real-time hacking;Beauty facilitate Networked;Mali strategize
5;98126;2187;10123;YEARLY;Nakfa Colombia;client-driven Pizza Kyat;45618;Bike Nevada Associate;Ergonomic Hawaii Metal;Liaison;schemas yellow;paradigm program India;Cambridgeshire Administrator;compress
6;57096;4109;27065;YEARLY;Dynamic secondary;Solomon Account matrix;73970;Personal Chips Tunisia;Innovative;Loan Garden;synergistic;Alaska New;transmitting ubiquitous;Western invoice GB
7;85772;48123;44610;DAILY;yellow Wooden Fish;UIC-Franc;69724;Tuna Car;Cliffs;JSON Table;Ball Accounts fresh-thinking;Chicken Wyoming;technologies Sum Utah;Checking Strategist
8;59324;27549;20815;MONTHLY;program;Electronics Representative;83860;extranet;system;synthesizing;deposit Avon system;IB Chicken;turn-key Vista Pizza;bandwidth-monitored
9;66414;30360;87519;YEARLY;aggregate;zero facilitate;28973;program invoice;Cambridgeshire Metal;copy Iceland;payment solution;Shirt EXE Brand;fuchsia Down-sized challenge;Illinois
10;59596;2110;58710;YEARLY;Korea Plastic Landing;exuding;91143;platforms;sensor Ruble Ports;Bedfordshire;Nauru sexy;tan synergies Plastic;channels;innovate
